ID,f1KanzleiNummer,Niederlassung,Strasse,Hausnr,StrasseZusatz,PLZ,Ort,OrtZusatz,eMail,Vertragsart,ETAXBeraternummer,LohnBeraternummer,reweTestkanzlei,SageAccEdition,VirtuellesETAX,ETLNummerStammkanzlei,NameStammkanzlei,OrtStammkanzlei,Bemerkung,DatenOK,BeitragMonatlich,BeitragBerechnetJahr,BeitragMonatlichReduziert,BeitragBerechnetJahrReduziert,StartDatum,KuendigungDatum,AusgesetztBis,SCSBereich
1,1910,Zentrale Berlin,Mauerstraße,86-88,,10117,Berlin,,kontakt@felix1.de,-,0,,FALSCH,FALSCH,Nein,1910,-,Berlin,,FALSCH,,,,,,,,-
2,8030,Ribnitz-Damgarten,Lange Straße,46,,18311,Ribnitz-Damgarten,,ribnitz-damgarten@felix1.de,Alternativvertrag,58030,98030,WAHR,FALSCH,Nein,4075,F&P Ribnitz-Damgarten,Ribnitz-Damgarten,,FALSCH,191,"2291,52",,,01.04.2015,,,Neubrandenburg
3,8031,Saarlouis,Lilienthalstraße,9,,66740,Saarlouis,,saarlouis@felix1.de,Standardvertrag,58031,98031,WAHR,FALSCH,Ja,1217,UWS Die Berater Saarlouis,Saarlouis,,FALSCH,637,"7638,48",,,01.04.2015,,,Essen
4,8032,Panketal,Schönower Straße,43,,16341,Panketal,OT Zepernick,panketal@felix1.de,Alternativvertrag,58032,98032,WAHR,FALSCH,Nein,4424,H&P Panketal/ OT Zepernick,Panketal,,FALSCH,191,"2291,52",,,01.04.2015,,,Berlin
5,8036,Berlin - Rankestraße,Rankestraße,17,,10789,Berlin,,felix1-berlin@felix1.de,Standardvertrag,58036,98036,FALSCH,FALSCH,Nein,1000,Hannes&Koll. Berlin,Berlin,,FALSCH,637,"7638,48",,,01.02.2015,,,Berlin
6,8037,Lutherstadt Wittenberg - Puschkinstraße,Puschkinstraße,11,,06886,Lutherstadt Wittenberg,,wittenberg@felix1.de,Standardvertrag,58037,98037,WAHR,FALSCH,Nein,4323,S&P Wittenberg,Lutherstadt Wittenberg,,FALSCH,637,"7638,48",,,01.01.2015,,,Berlin
7,8038,Herzberg,Torgauer Straße,44-47,,04916,Herzberg,,herzberg@felix1.de,Alternativvertrag,58038,98038,FALSCH,FALSCH,Nein,4398,S&P Herzberg,Herzberg,,FALSCH,100,1200,,,01.01.2015,31-Dez-15,,Berlin
8,8043,Frankfurt am Main,Grüneburgweg,12,,60322,Frankfurt am Main,,felix1-frankfurt-main@felix1.de,Alternativvertrag,58043,98043,FALSCH,FALSCH,Nein,1280,ADVISA Frankfurt am Main,Frankfurt/Main,,FALSCH,191,"2291,52",,,01.01.2015,,,Essen
9,8044,Potsdam - Hegelallee,Hegelallee,12-13,,14467,Potsdam,,dommenz-potsdam@felix1.de,Standardvertrag,58044,98044,FALSCH,FALSCH,Nein,5463,ADVITAX Potsdam,Potsdam,Sondervereinbarung: nur Umsatz- und Inkassogebühr,FALSCH,0,0,,,01.10.2014,,,Berlin
10,8045,Berlin - Platz vor dem Neuen Tor,Platz vor dem Neuen Tor,2,,10115,Berlin,,scheffner-berlin@felix1.de,Standardvertrag,58045,98045,WAHR,FALSCH,Nein,2740,Sophien 3 Berlin,Berlin,,FALSCH,637,"7638,48",,,01.09.2014,,,Berlin
11,8046,Norden,Norddeicher Straße,7,,26506,Norden,,norden@felix1.de,Standardvertrag,58046,98046,WAHR,FALSCH,Nein,1730,Graalmann Norderney,Norden,,FALSCH,637,"7638,48",,,01.07.2014,,,Essen
12,8048,Kempten (Allgäu),Bodmanstraße,25,,87439,Kempten (Allgäu),,kempten@felix1.de,Standardvertrag,58048,98048,FALSCH,FALSCH,Nein,2920,DKS Kempten (Allgäu),Kempten (Allgäu),,FALSCH,637,"7638,48",,,01.09.2014,,,Essen
13,8049,Gießen,Südanlage,22,,35390,Gießen,,giessen@felix1.de,Alternativvertrag,58049,98049,FALSCH,FALSCH,JA,1981,Barho&Kollegen Gießen,Gießen,,FALSCH,191,"2291,52",,,01.09.2014,30-Jun-16,,Essen
14,8050,Dessau-Roßlau,Burgwallstraße,40,,06862,Dessau-Roßlau,,wechselberger-dessau@felix1.de,Alternativvertrag,58050,98050,FALSCH,FALSCH,Nein,4195,F&P Roßlau,Dessau-Roßlau,hat gekündigt,FALSCH,191,"2291,52",,,01.08.2014,28-Feb-16,,Berlin
15,8053,Arnsberg,Schillerstraße,93,,59755,Arnsberg,,arnsberg@felix1.de,Alternativvertrag,58053,98053,FALSCH,FALSCH,Nein,2574,Aurin & P Arnsberg,Arnsberg,"14.03.2016: Wechsel von Standard in Alternativ rückwirkend zum 01.01.2016 (vormals halbierte Standardgebühr)
Hr. Aurin 3. Kanzlei",FALSCH,191,"2291,52",,,01.08.2014,,,Essen
16,8054,Siegburg,Neue Poststraße,21,,53721,Siegburg,,siegburg@felix1.de,Standardvertrag,58054,98054,FALSCH,FALSCH,Ja,1132,ETL-Siegburg Siegburg,Siegburg,,FALSCH,637,"7638,48",,,01.07.2014,,,Essen
17,8058,Oberursel (Taunus),Hohemarkstraße,20,,61440,Oberursel (Taunus),,utsch-oberursel@felix1.de,Alternativvertrag,58058,98058,FALSCH,WAHR,Ja,1114,Arndt und Utsch Oberursel,Oberursel (Taunus),,FALSCH,191,"2291,52",,,01.09.2014,,,Essen
18,8059,Ueckermünde,Ueckerstraße,73,,17373,Ueckermünde,,haase-ueckermuende@felix1.de,Alternativvertrag,58059,98059,FALSCH,FALSCH,Nein,4094,F&P Ueckermünde,Ueckermünde,,FALSCH,191,"2291,52",,,01.07.2014,30-Jun-15,,Neubrandenburg
19,8065,Cottbus - Bahnhofstraße,Bahnhofstraße,18,,03046,Cottbus,,krug-cottbus@felix1.de,Alternativvertrag,58065,98065,WAHR,FALSCH,Nein,4010,F&P Cottbus,Cottbus,,FALSCH,95,"1145,76",,,01.07.2014,,,Berlin
20,8066,Steinfurt,Emsdettener Straße,48,,48565,Steinfurt,,steinfurt@felix1.de,Standardvertrag,58066,98066,FALSCH,FALSCH,Nein,260,Seimetz GmbH Steinfurt,Steinfurt,22.06.15: nur Verm. von Premium-Mdt,FALSCH,637,"7638,48",,,01.07.2014,,,Essen
21,8068,Dettingen an der Erms,Metzinger Straße,88,,72581,Dettingen an der Erms,,dettingen@felix1.de,Standardvertrag,58068,98068,WAHR,FALSCH,Nein,1540,ADVISA Metzingen,Dettingen an der Erms,,FALSCH,191,"2291,52",,,01.07.2014,,,Essen
22,8078,Berlin - Hönower Straße,Hönower Straße,98,,12623,Berlin,- Mahlsdorf,lemke-berlin@felix1.de,Standardvertrag,58078,98078,FALSCH,FALSCH,Nein,4701,K&P Berlin-Mahlsdorf,Berlin - Mahlsdorf,hat gekündigt,FALSCH,637,"7638,48",,,01.07.2014,31-Jul-16,,Berlin
23,8079,Wanzleben-Börde,Ritterstraße,14,,39164,Wanzleben-Börde,,wanzleben@felix1.de,Alternativvertrag,58079,98079,FALSCH,FALSCH,Nein,4098,F&P Wanzleben,Wanzleben-Börde,,FALSCH,191,"2291,52",,,01.07.2014,,,Berlin
24,8081,Meyenburg,Heinrich-Heine-Straße,48,,16945,Meyenburg,,meyenburg@felix1.de,Alternativvertrag,58081,98081,WAHR,WAHR,Nein,4330,S&P Meyenburg,Meyenburg,,FALSCH,191,"2291,52",,,01.08.2014,,,Neubrandenburg
25,8086,Duisburg,Ruhrorter Straße,67-69,,47059,Duisburg,,schwertfeger-duisburg@felix1.de,Standardvertrag,58086,98086,FALSCH,FALSCH,Nein,1153,ADVISA-BBS,Duisburg,,FALSCH,637,"7638,48",,,01.07.2014,,,Essen
26,8087,Dortmund - Stockumer Straße,Stockumer Straße,475,,44227,Dortmund,,regener-dortmund@felix1.de,Standardvertrag,58087,98087,FALSCH,FALSCH,Nein,,ADVISA FBS Dortmund,Dortmund,,FALSCH,637,"7638,48",,,01.07.2014,31-Okt-15,,Essen
27,8088,Berlin - Franz-Jacob-Straße,Franz-Jacob-Straße,2,,10369,Berlin,,greskowiak-berlin@felix1.de,Alternativvertrag,58088,98088,WAHR,FALSCH,Nein,4901,RUB-DV Berlin,Berlin,,FALSCH,191,"2291,52",,,01.07.2014,,,Berlin
28,8089,Berlin - Esplanade,Esplanade,12,,13187,Berlin,,werner-berlin@felix1.de,Standardvertrag,58089,98089,WAHR,FALSCH,Nein,4801,"T,G&P Berlin",Berlin,,FALSCH,637,"7638,48",,,01.07.2014,,,Berlin
29,8091,Neubrandenburg,Friedrich-Engels-Ring,49,,17033,Neubrandenburg,,jaensch-neubrandenburg@felix1.de,Standardvertrag,58091,98091,FALSCH,FALSCH,Nein,5006,ETL-SCS AG Neubrandenburg,Neubrandenburg,,FALSCH,318,"3819,24",,,01.07.2014,,,Neubrandenburg
30,8093,Werther (Westf.),Nordstraße,30,,33824,Werther (Westf.),,werther@felix1.de,Standardvertrag,58093,98093,WAHR,FALSCH,Nein,1122,"ETL Miller,Spilker&Koll. Werther",Werther (Westf.),,FALSCH,637,"7638,48",,,01.07.2014,,,Essen
31,8100,Eberswalde,Friedrich-Ebert-Straße,0,,16225,Eberswalde,,eberswalde@felix1.de,Alternativvertrag,58100,98100,WAHR,FALSCH,Nein,2175,B.R.D. Eberswalde,Eberswalde,,FALSCH,191,"2291,52",,,01.07.2014,,,Berlin
32,8104,Potsdam - Rudolf-Breitscheid-Straße,Rudolf-Breitscheid-Straße,29,,14482,Potsdam,,lamm-potsdam@felix1.de,Alternativvertrag,58104,98104,FALSCH,FALSCH,Nein,4706,K&P Potsdam,Potsdam,,FALSCH,191,"2291,52",,,01.07.2014,,,Berlin
33,8108,Leipzig,Kohlenstraße,2,,04107,Leipzig,,mueller-leipzig@felix1.de,Standardvertrag,58108,98108,FALSCH,FALSCH,Nein,4705,K&P Leipzig,Leipzig,,FALSCH,318,"3819,24",,,01.07.2014,,,Berlin
34,8109,Heidelberg,Dossenheimer Landstraße,49,,69121,Heidelberg,,heidelberg@felix1.de,Standardvertrag,58109,98109,FALSCH,FALSCH,Nein,6190,ANTAX Heidelberg,Heidelberg,,FALSCH,637,"7638,48",,,01.07.2014,,,Essen
35,8110,Halle (Saale) - Große Ulrichstraße,Große Ulrichstraße,59-60,,06108,Halle (Saale),,kindling-halle@felix1.de,Standardvertrag,58110,98110,FALSCH,FALSCH,Nein,4313,S&P Halle,Halle (Saale),,FALSCH,637,"7638,48",,,01.07.2014,31-Dez-15,,Berlin
36,8111,Flöha,Erdmannsdorfer Straße,4,,09557,Flöha,,floeha@felix1.de,Alternativvertrag,58111,98111,FALSCH,FALSCH,Nein,4158,F&P Flöha,Flöha,,FALSCH,191,"2291,52",,,01.07.2014,,,Erfurt
37,8112,Berlin - Mollstraße,Mollstraße,32,,10249,Berlin,,herold-krauss-berlin@felix1.de,Standardvertrag,58112,98112,WAHR,FALSCH,Nein,1490,"Herold,Krauß&Koll. Berlin",Berlin,,FALSCH,637,"7638,48",,,01.07.2014,,,Berlin
38,8114,Neustadt i. Sa.,Karl-Liebknecht-Straße,13,,01844,Neustadt i. Sa.,,kramer-neustadt@felix1.de,Standardvertrag,58114,98114,WAHR,WAHR,Nein,4119,F&P Neustadt,Neustadt i. Sa.,,FALSCH,637,"7638,48",,,01.07.2014,,,Erfurt
39,8115,Nahetal-Waldau,Am Sportplatz,17,,98553,Nahetal-Waldau,,waldau@felix1.de,Alternativvertrag,58115,98115,FALSCH,FALSCH,Nein,4096,F&P Waldau,Nahetal-Waldau,,FALSCH,191,"2291,52",,,01.07.2014,,,Erfurt
40,8117,Halberstadt,Bernhard-Thiersch-Straße,4,,38820,Halberstadt,,halberstadt@felix1.de,Standardvertrag,58117,98117,FALSCH,FALSCH,Nein,4213,F&P Halberstadt,Halberstadt,,FALSCH,637,"7638,48",,,01.07.2014,31-Dez-15,,Berlin
41,8118,Eisenach - Uferstraße,Uferstraße,46,,99817,Eisenach,,stoltmann-eisenach@felix1.de,Alternativvertrag,58118,98118,WAHR,FALSCH,Nein,4929,RUB-DV Eisenach,Eisenach,,FALSCH,191,"2291,52",,,01.07.2014,,,Erfurt
42,8120,Worms,Alzeyer Straße,39,,67549,Worms,,worms@felix1.de,Standardvertrag,58120,98120,FALSCH,FALSCH,Ja,1891,Korb&Carle Worms,Worms,,FALSCH,637,"7638,48",,,01.07.2014,,,Essen
43,8123,Schwerin - Mecklenburgstraße,Mecklenburgstraße,97,,19053,Schwerin,,fremuth-schwerin@felix1.de,Alternativvertrag,58123,98123,WAHR,FALSCH,Nein,4412,H&P Schwerin,Schwerin,,FALSCH,191,"2291,52",,,01.07.2014,,,Neubrandenburg
44,8124,Schwerin - Wismarsche Straße,Wismarsche Straße,184,,19053,Schwerin,,winkler-schwerin@felix1.de,Standardvertrag,58124,98124,WAHR,FALSCH,Nein,5210,Fu&P Schwerin,Schwerin,,FALSCH,637,"7638,48",,,01.07.2014,,,Neubrandenburg
45,8126,Lutherstadt Wittenberg - Berliner Straße 1,Berliner Straße,1,,06886,Lutherstadt Wittenberg,,gerds-wittenberg@felix1.de,Standardvertrag,58126,98126,FALSCH,FALSCH,Nein,4106,F&P Wittenberg,Lutherstadt Wittenberg,,FALSCH,637,"7638,48",,,01.07.2014,,,Berlin
46,8128,Frankfurt (Oder) - Franz-Mehring-Straße,Franz-Mehring-Straße,23a,,15230,Frankfurt (Oder),,weissler-frankfurt-oder@felix1.de,Standardvertrag,58128,98128,FALSCH,FALSCH,Nein,4020,F&P Frankfurt (Oder),Frankfurt (Oder),,FALSCH,637,"7638,48",,,01.07.2014,,,Berlin
47,8132,Crimmitschau,Gabelsbergerstraße,10,,08451,Crimmitschau,,crimmitschau@felix1.de,Standardvertrag,58132,98132,WAHR,FALSCH,Nein,1320,RHE-EL Gärtner Crimmitschau,Crimmitschau,,FALSCH,637,"7638,48",,,01.07.2014,,,Erfurt
48,8133,Braunschweig - Frankfurter Straße,Frankfurter Straße,254,,38122,Braunschweig,,deumeland-braunschweig@felix1.de,Standardvertrag,58133,98133,FALSCH,FALSCH,Ja,1989,Brüderle & Kollegen GmbH,Braunschweig,,FALSCH,637,"7638,48",,,01.07.2014,,,Essen
49,8135,Bielefeld - Steubenstraße 4,Steubenstraße,4,,33609,Bielefeld,,horstkoetter-bielefeld@felix1.de,Standardvertrag,58135,98135,WAHR,FALSCH,JA,2220,ETL Horstkötter Bielefeld,Bielefeld,,FALSCH,637,"7638,48",,,01.07.2014,,,Essen
51,8137,Berlin - Spreeufer,Spreeufer,5,,10178,Berlin,,berlin-mitte@felix1.de,Standardvertrag,58137,98137,FALSCH,WAHR,Nein,4718,K&P Berlin,Berlin,,FALSCH,637,"7638,48",,,01.07.2014,,,Berlin
52,8138,Berlin - Heerstraße,Heerstraße,18-20,,14052,Berlin,,breetz-berlin@felix1.de,Standardvertrag,58138,98138,FALSCH,FALSCH,Nein,1899,BBI,Berlin,,FALSCH,637,"7638,48",,,01.07.2014,31-Jul-16,,Berlin
53,8142,Angermünde,Oderberger Straße,8,,16278,Angermünde,,angermuende@felix1.de,Standardvertrag,58142,98142,WAHR,FALSCH,Nein,4001,F&P Angermünde,Angermünde,,FALSCH,637,"7638,48",,,01.07.2014,,,Berlin
54,8143,Großwallstadt,Lützeltaler Straße,5c,,63868,Großwallstadt,,grosswallstadt@felix1.de,Alternativvertrag,58143,98143,FALSCH,WAHR,Ja,1136,con.tax Großwallstadt,Großwallstadt,,FALSCH,191,"2291,52",,,01.10.2014,,,Essen
55,8144,Bitterfeld-Wolfen,Siebenhausen,63,,06766,Bitterfeld-Wolfen,OT Bobbau,bitterfeld-wolfen@felix1.de,Standardvertrag,58144,98144,FALSCH,FALSCH,Nein,5113,HOS Bitterfeld-Wolfen,Bitterfeld-Wolfen,,FALSCH,637,"7638,48",,,01.07.2014,,,Berlin
56,8145,Mannheim,Am Victoria-Turm,2,,68163,Mannheim,,mannheim@felix1.de,Standardvertrag,58145,98145,FALSCH,FALSCH,JA,1945,Theurer&Kollegen Mannheim,Mannheim,,FALSCH,637,"7638,48",,,01.07.2014,,,Essen
57,8146,Haßloch,Rosenstraße,46,,67454,Haßloch,,hassloch@felix1.de,Standardvertrag,58146,98146,FALSCH,FALSCH,Nein,6970,Numrich&Collegen Haßloch,Haßloch,,FALSCH,637,"7638,48",,,01.07.2014,,,Essen
58,8147,Göttingen,Bürgerstraße,20,,37073,Göttingen,,goettingen@felix1.de,Standardvertrag,58147,98147,FALSCH,FALSCH,Nein,2250,ADVISA Göttingen,Göttingen,MM v. 18.2.16: Aussetzen der felix1.de-Kooperationsgebühren bis einschließlich 8/2016 ; keine Vermittlung von Mandanten bis dahin,FALSCH,0,0,,,01.07.2014,,30.8.2016,Essen
59,8148,Flensburg,Wittenberger Weg,8a,,24941,Flensburg,,flensburg@felix1.de,Alternativvertrag,58148,98148,FALSCH,FALSCH,Nein,1121,ETL ADVISA GmbH Steuerberatungsgesellschaft,Flensburg,,FALSCH,191,"2291,52",,,01.07.2014,,,Essen
60,8149,Lübeck,Am Flugplatz,4,Haus 13,23560,Lübeck,,luebeck@felix1.de,Alternativvertrag,58149,98149,FALSCH,FALSCH,Nein,1091,ETL Gersdorf&Collegen Lübeck,Lübeck,Freistellung von Grundgebühren von 09/15 bis 12/16,FALSCH,0,0,,,01.07.2014,,28.02.2016,Essen
61,8152,Köln - Rösrather Straße,Rösrather Straße,759,,51107,Köln,,reutershan-koeln@felix1.de,Standardvertrag,58152,98152,FALSCH,FALSCH,Nein,10,DELTAX Köln,Köln,,FALSCH,637,"7638,48",,,01.07.2014,,,Essen
62,8153,Bottrop,Peterstraße,9,,46236,Bottrop,,bottrop@felix1.de,Standardvertrag,58153,98153,FALSCH,WAHR,Nein,1270,ETL ADVISA,Bottrop,,FALSCH,637,"7638,48",,,01.07.2014,,,Essen
63,8154,Dortmund - Hauert (10179),Hauert,3,,44227,Dortmund,,gebauer-dortmund@felix1.de,Standardvertrag,58154,98154,WAHR,FALSCH,Nein,1983,GBF-Treuhand Dortmund,Dortmund,,FALSCH,637,"7638,48",,,01.07.2014,,,Essen
64,8157,Radeberg,Badstraße,12,,01454,Radeberg,,radeberg@felix1.de,Alternativvertrag,58157,98157,WAHR,FALSCH,Nein,4139,F&P Radeberg,Radeberg,,FALSCH,191,"2291,52",,,01.07.2014,,,Erfurt
65,8160,Hamburg - Banksstraße,Banksstraße,4,,20097,Hamburg,,mochnik-hamburg@felix1.de,Standardvertrag,58160,98160,WAHR,FALSCH,Nein,2870,ADVIMED Hamburg,Hamburg,,FALSCH,637,"7638,48",,,01.07.2014,,,Essen
66,8161,Hamburg - Borsteler Chaussee,Borsteler Chaussee,47,,22453,Hamburg,,lippke-hamburg@felix1.de,Standardvertrag,58161,98161,FALSCH,FALSCH,Nein,410,Wehling & P Hamburg,Hamburg,,FALSCH,637,"7638,48",,,01.07.2014,,,Essen
67,8162,München - Candidplatz,Candidplatz,13,,81543,München,,zetzl-muenchen@felix1.de,Standardvertrag,58162,98162,FALSCH,FALSCH,Ja,1996,TGM München,München,,FALSCH,637,"7638,48",,,01.07.2014,30-Apr-16,,Essen
68,8163,Nellingen,Aicher Straße,2,,89191,Nellingen,,nellingen@felix1.de,Standardvertrag,58163,98163,WAHR,FALSCH,Nein,1923,Singerer u. Koll. Nellingen,Nellingen,,FALSCH,637,"7638,48",,,01.07.2014,,,Essen
69,8164,Köln - Oststraße,Oststraße,0,Rhein-Carré,50996,Köln,,nacken-koeln@felix1.de,Standardvertrag,58164,98164,FALSCH,FALSCH,Nein,9076,NHP,Köln,,FALSCH,637,"7638,48",,,01.07.2014,30-Nov-16,,Essen
70,8165,Mainz,August-Horch-Straße,20,,55129,Mainz,OT Hechtsheim,mainz@felix1.de,Alternativvertrag,58165,98165,FALSCH,FALSCH,Nein,1884,Rhe-Ma Mainz,Mainz,,FALSCH,191,"2291,52",,,01.07.2014,30-Nov-15,,Essen
71,8166,Köln - Konrad-Adenauer-Ufer,Konrad-Adenauer-Ufer,83,,50668,Köln,,schulze-koeln@felix1.de,Standardvertrag,58166,98166,WAHR,FALSCH,JA,1125,ETL HMS Köln,Köln,,FALSCH,637,"7638,48",,,01.07.2014,,,Essen
72,8167,Aachen,Zieglersteg,7,,52078,Aachen,,aachen@felix1.de,Standardvertrag,58167,98167,WAHR,FALSCH,Nein,2650,ADVISA Aachen,Aachen,,FALSCH,637,"7638,48",,,01.07.2014,,,Essen
73,8168,Aßlar,Schulstraße,50,,35614,Aßlar,,asslar@felix1.de,Alternativvertrag,58168,98168,WAHR,FALSCH,JA,1880,"Dernbecher, Risch & Kollegen Aßlar",Aßlar,,FALSCH,191,"2291,52",,,01.07.2014,,,Essen
74,8169,Alfter,Herseler Weg,7a,,53347,Alfter,,alfter@felix1.de,Standardvertrag,58169,98169,FALSCH,FALSCH,Nein,70,BONTAX Alfter,Alfter,"felix1-Ansprechpartner: Fr. Breda
02222/940731",FALSCH,637,"7638,48",,,01.07.2014,,,Essen
75,8173,Hilden,Schützenstraße,81,,40723,Hilden,,hilden@felix1.de,Alternativvertrag,58173,98173,FALSCH,FALSCH,Nein,1610,Kunkel&Kollegen Hilden,Hilden,keine Kapazitäten für neue Mandanten (WVL Mitte 2016),FALSCH,191,"2291,52",,,01.07.2014,,,Essen
76,8175,Essen,Wiesenstraße,55-57,,45128,Essen,,mueller-essen@felix1.de,Standardvertrag,58175,98175,FALSCH,FALSCH,Nein,6560,F.J.W. STBG Essen,Essen,,FALSCH,637,"7638,48",,,01.07.2014,,,Essen
77,8179,Hannover,Hinüberstraße,4a,,30175,Hannover,,reinhardt-hannover@felix1.de,Standardvertrag,58179,98179,WAHR,FALSCH,Ja,1992,ETL TH Hannover,Hannover,Freistellung von Gebühren von 10/15 bis 12/15,FALSCH,0,0,,,01.07.2014,30-Sep-16,,Essen
78,8180,Dortmund - Hauert (10194),Hauert,3,,44227,Dortmund,,klimeck-dortmund@felix1.de,Standardvertrag,58180,98180,FALSCH,FALSCH,Nein,710,"Dr.Klimeck,Hast&Freund Dortmund",Dortmund,,FALSCH,637,"7638,48",,,01.07.2014,29-Feb-16,,Essen
79,8181,Suhl - Blücherstraße,Blücherstraße,16,,98527,Suhl,,feldbauer-suhl@felix1.de,Alternativvertrag,58181,98181,WAHR,FALSCH,Nein,1921,ETL Feldbauer & Kollegen,Suhl,,FALSCH,191,"2291,52",,,01.07.2014,,,Erfurt
80,8182,Dresden - Blasewitzer Straße,Blasewitzer Straße,41,,01307,Dresden,,popiesch-dresden@felix1.de,Alternativvertrag,58182,98182,FALSCH,FALSCH,Nein,1780,ADMEDIO GmbH Dresden,Dresden,,FALSCH,191,"2291,52",,,01.07.2014,,,Erfurt
81,8184,Zwickau - Kolpingstraße,Kolpingstraße,31,,08058,Zwickau,,klebert-zwickau@felix1.de,Standardvertrag,58184,98184,FALSCH,FALSCH,Nein,4112,F&P Zwickau,Zwickau,,FALSCH,637,"7638,48",,,01.07.2014,,,Erfurt
82,8185,Weimar,Mozartstraße,18,,99423,Weimar,,weimar@felix1.de,Alternativvertrag,58185,98185,WAHR,FALSCH,Nein,4423,H&P Weimar,Weimar,,FALSCH,191,"2291,52",,,01.07.2014,,,Erfurt
83,8187,Steinach,Am Bahnhof,18,,96523,Steinach,,steinach@felix1.de,Standardvertrag,58187,98187,WAHR,FALSCH,Nein,4087,F&P Steinach,Steinach,,FALSCH,637,"7638,48",,,01.07.2014,,,Erfurt
84,8188,Sömmerda,Stadtring,5,,99610,Sömmerda,,soemmerda@felix1.de,Standardvertrag,58188,98188,WAHR,FALSCH,Nein,5206,Fu&P Sömmerda,Sömmerda,,FALSCH,637,"7638,48",,,01.07.2014,,,Erfurt
85,8190,Meiningen - Sachsenstraße,Sachsenstraße,7,,98617,Meiningen,,meiningen@felix1.de,Alternativvertrag,58190,98190,FALSCH,FALSCH,Nein,5422,ADVITAX Meiningen,Meiningen,,FALSCH,191,"2291,52",,,01.07.2014,,,Erfurt
86,8194,Köthen (Anhalt),Dessauer Straße,7,,06366,Köthen (Anhalt),,schulze-koethen@felix1.de,Standardvertrag,58194,98194,FALSCH,FALSCH,Nein,5309,AS-STBG Köthen,Köthen (Anhalt),,FALSCH,637,"7638,48",,,01.07.2014,31-Dez-15,,Berlin
87,8196,Freital,Poisentalstraße,55,,01705,Freital,,freital@felix1.de,Alternativvertrag,58196,98196,WAHR,FALSCH,Nein,4022,F&P Freital,Freital,,FALSCH,191,"2291,52",,,01.07.2014,,,Erfurt
88,8198,Mettmann,Am Rathaus,1,,40822,Mettmann,,mettmann@felix1.de,Standardvertrag,58198,98198,FALSCH,FALSCH,Nein,1901,Baumann&Strehlke Mettmann,Mettmann,,FALSCH,637,"7638,48",,,01.01.2015,,,Essen
89,8199,Hamburg - Hans-Henny-Jahnn-Weg,Hans-Henny-Jahnn-Weg,41-45,,22085,Hamburg,,frisch-hamburg@felix1.de,Standardvertrag,58199,98199,FALSCH,FALSCH,Nein,400,Frisch & P Hamburg,Hamburg,,FALSCH,637,"7638,48",,,01.07.2014,,,Essen
90,8020,Rostock,Adolf-Wilbrandt-Straße,14,,18055,Rostock,,rostock@felix1.de,Standardvertrag,58020,98020,WAHR,FALSCH,Nein,4076,F&P Rostock,Rostock,,FALSCH,637,"7638,48",,,01.09.2015,,,Neubrandenburg
91,8021,München - Sonnenstraße,Sonnenstraße,9,,80331,München,,muenchen@felix1.de,Standardvertrag,58021,98021,FALSCH,FALSCH,Ja,,ETL Lüdemann Wildfeuer & Partner München,München,,FALSCH,637,"7638,48",,,01.10.2015,30-Jun-16,,Essen
92,8033,Singen (Hohentwiel),Scheffelstraße,6,,78224,Singen (Hohentwiel),,bodensee@felix1.de,Alternativvertrag,58033,98033,FALSCH,FALSCH,Nein,1915,S&H Bodensee Singen,Singen (Hohentwiel),,FALSCH,191,"2291,52",,,01.04.2015,31-Mrz-16,,Essen
93,8034,Frankenberg (Eder),Obermarkt,12,,35066,Frankenberg (Eder),,frankenberg@felix1.de,Standardvertrag,58034,98034,FALSCH,FALSCH,Nein,,Engeland & P Frankenberg,Frankenberg (Eder),,FALSCH,637,"7638,48",,,01.04.2015,,,Essen
94,8035,Niedergörsdorf,Kiefernweg,26,,14913,Niedergörsdorf,OT Altes Lager,gerds-wittenberg@felix1.de,virt. Kanzlei,,,FALSCH,FALSCH,Nein,,-,-,virt. Kanzlei,FALSCH,,,,,-,,,Berlin
95,8039,Stralsund,Alter Markt,14,,18439,Stralsund,,wollschlaeger-stralsund@felix1.de,Alternativvertrag,58039,98039,FALSCH,FALSCH,Nein,5111,HOS Stralsund,Stralsund,,FALSCH,95,"1145,76",,,01.12.2014,,,Neubrandenburg
96,8040,Greifswald,Anklamer Straße,8/9,,17489,Greifswald,,greifswald@felix1.de,Alternativvertrag,58040,98040,FALSCH,FALSCH,Nein,4032,F&P Greifswald,Greifswald,,FALSCH,191,"2291,52",,,01.12.2014,,,Neubrandenburg
97,8041,Köln - Honschaftsstraße,Honschaftsstraße,288,,51061,Köln,,schlaeger-koeln@felix1.de,Alternativvertrag,58041,98041,WAHR,FALSCH,Ja,6980,Christes&Collegen Köln,Köln,,FALSCH,191,"2291,52",,,01.12.2014,,,Essen
98,8042,Chemnitz,Weststraße,21,,09112,Chemnitz,,chemnitz@felix1.de,Alternativvertrag,58042,98042,WAHR,FALSCH,Nein,4610,B&P Chemnitz,Chemnitz,,FALSCH,191,"2291,52",,,01.12.2014,,,Erfurt
99,8052,Dortmund - Hoher Wall,Hoher Wall,5,- An der Thier- Galerie -,44137,Dortmund,,aurin-dortmund@felix1.de,Alternativvertrag,58052,98052,WAHR,FALSCH,Nein,1107,"Aurin, Heiland & Kollegen",Dortmund,"ab 01.01.2016 reguläre Gebühren von 636,54 €",FALSCH,637,"7638,48",,,01.08.2014,,,Essen
100,8055,Marsberg,Hauptstraße,17,,34431,Marsberg,,marsberg@felix1.de,Alternativvertrag,58055,98055,FALSCH,FALSCH,Nein,1100,ETL Aurin & Kollegen Marsberg,Marsberg,,FALSCH,191,"2291,52",,,01.08.2014,31-Okt-15,,Essen
101,8057,Waren (Müritz),Richterstraße,18a,,17192,Waren (Müritz),,schmidt-waren@felix1.de,Alternativvertrag,58057,98057,FALSCH,FALSCH,Nein,4322,S&P Waren,Waren (Müritz),keine Kapazitäten (WVL Mitte 2016),FALSCH,191,"2291,52",,,01.08.2014,,,Neubrandenburg
102,8060,Potsdam - Alt Nowawes,Alt Nowawes,67,,14482,Potsdam,,dietrich-bille-potsdam@felix1.de,Alternativvertrag,58060,98060,FALSCH,FALSCH,Nein,621,ETL Dr.Dietrich & Bille Potsdam,Potsdam,,FALSCH,191,"2291,52",,,01.07.2014,31-Jan-16,,Berlin
103,8061,Wettenberg,Im Westpark,3,,35435,Wettenberg,,wettenberg@felix1.de,Standardvertrag,58061,98061,FALSCH,FALSCH,Nein,1112,ETL Linneborn&Höbel Wettenberg,Wettenberg,,FALSCH,637,"7638,48",,,01.07.2014,,,Essen
104,8063,Plauen,Hradschin,10,,08523,Plauen,,plauen@felix1.de,Alternativvertrag,58063,98063,FALSCH,FALSCH,Nein,4140,F&P Plauen,Plauen,,FALSCH,191,"2291,52",,,01.07.2014,,,Erfurt
105,8064,Kassel,Wilhelmsstraße,2,,34117,Kassel,,kassel@felix1.de,Standardvertrag,58064,98064,FALSCH,FALSCH,Nein,,ADVISA Kassel,Kassel,,FALSCH,637,"7638,48",,,01.07.2014,31-Jan-16,,Essen
106,8067,Meiningen - Neu-Ulmer Straße,Neu-Ulmer Straße,41,,98617,Meiningen,,buerglen-meiningen@felix1.de,Alternativvertrag,58067,98067,FALSCH,FALSCH,Nein,4711,K&P Meiningen,Meiningen,,FALSCH,95,"1145,76",,,01.07.2014,,,Erfurt
107,8069,Cottbus - Straße der Jugend,Straße der Jugend,113,,03046,Cottbus,,gruenert-cottbus@felix1.de,Alternativvertrag,58069,98069,WAHR,FALSCH,Nein,4602,B&P Cottbus,Cottbus,,FALSCH,191,"2291,52",,,01.07.2014,,,Berlin
108,8070,Zwickau - Moritzstraße,Moritzstraße,35,,08056,Zwickau,,pech-zwickau@felix1.de,Standardvertrag,58070,98070,FALSCH,FALSCH,Nein,2571,ADVISA Zwickau,Zwickau,,FALSCH,637,"7638,48",,,01.07.2014,,,Erfurt
109,8071,Schwarzenberg /Erzgeb.,Straße des 18. März,2,,08340,Schwarzenberg /Erzgeb.,,schwarzenberg@felix1.de,Alternativvertrag,58071,98071,FALSCH,FALSCH,Nein,4159,F&P Schwarzenberg,Schwarzenberg /Erzgeb.,,FALSCH,191,"2291,52",,,01.07.2014,,,Erfurt
110,8074,Lüdinghausen,Telgengarten,31,,59348,Lüdinghausen,,luedinghausen@felix1.de,Standardvertrag,58074,98074,FALSCH,FALSCH,Nein,1161,ETL Böcker&Collegen Lüdinghausen,Lüdinghausen,,FALSCH,637,"7638,48",,,01.07.2014,,,Essen
111,8075,Cottbus - Rudolf-Breitscheid-Straße,Rudolf-Breitscheid-Straße,2,,03046,Cottbus,,voigt-cottbus@felix1.de,Standardvertrag,58075,98075,FALSCH,FALSCH,Nein,4308,S&P Cottbus,Cottbus,,FALSCH,637,"7638,48",,,01.07.2014,,,Berlin
112,8076,Cottbus - Burgstraße,Burgstraße,10,/ Schloßkirchstraße,03046,Cottbus,,peinelt-cottbus@felix1.de,Alternativvertrag,58076,98076,FALSCH,FALSCH,Nein,4505,M&P Cottbus,Cottbus,,FALSCH,191,"2291,52",,,01.07.2014,,,Berlin
113,8077,Halle (Saale) - Leipziger Straße,Leipziger Straße,87-92,- Im Ritterhaus -,06108,Halle (Saale),,schossland-halle@felix1.de,Standardvertrag,58077,98077,FALSCH,FALSCH,Nein,4603,B&P Halle,Halle (Saale),,FALSCH,637,"7638,48",,,01.07.2014,31-Jan-16,,Berlin
114,8082,Mayen,Marktplatz,24,,56727,Mayen,,beyer-mayen@felix1.de,Standardvertrag,58082,98082,FALSCH,FALSCH,JA,1882,Beyer & Kollegen GmbH Mayen,Mayen,Fr. Beyer möchte Vertrag ruhen lassen; keine Mandatsvermittlung; WvL Gespräch MM 1.2.17,FALSCH,637,"7638,48",,,01.07.2014,,31.01.2017,Essen
115,8083,Lübz,Parchimer Straße,3-5,,19386,Lübz,,luebz@felix1.de,Alternativvertrag,58083,98083,WAHR,FALSCH,Nein,4316,S&P Lübz,Lübz,,FALSCH,191,"2291,52",,,01.08.2014,,,Neubrandenburg
116,8085,Gmund a. Tegernsee,Miesbacher Straße,7,,83703,Gmund a. Tegernsee,,gmund@felix1.de,Standardvertrag,58085,98085,WAHR,FALSCH,Nein,1240,Baumann Gmund,Gmund a. Tegernsee,,FALSCH,637,"7638,48",,,01.07.2014,,,Essen
117,8090,Bad Freienwalde (Oder),Königstraße,39-40,,16259,Bad Freienwalde (Oder),,bad-freienwalde@felix1.de,Alternativvertrag,58090,98090,FALSCH,FALSCH,Nein,4114,F&P Bad Freienwalde,Bad Freienwalde (Oder),hat gekündigt,FALSCH,95,"1145,76",,,01.07.2014,31-Jul-16,,Berlin
118,8092,Ziesar,Frauentor,11,,14793,Ziesar,,ziesar@felix1.de,Alternativvertrag,58092,98092,FALSCH,FALSCH,Nein,2590,Szibalski&Koll. Ziesar,Ziesar,Grundgebühren ausgesetzt bis Sep 2016,FALSCH,191,"2291,52",,,01.07.2014,,30.08.2016,Berlin
119,8094,Plau,Steinstraße,56,,19395,Plau,,plau@felix1.de,Alternativvertrag,58094,98094,FALSCH,FALSCH,Nein,4327,S&P Plau am See,Plau,keine Mandatsverteilung (WVL Mitte 2016),FALSCH,191,"2291,52",,,01.07.2014,,,Neubrandenburg
120,8095,Magdeburg - Universitätsplatz,Universitätsplatz,10,,39104,Magdeburg,,uniplatz-magdeburg@felix1.de,Alternativvertrag,58095,98095,FALSCH,FALSCH,Nein,5516,ADMEDIO Magdeburg,Magdeburg,,FALSCH,191,"2291,52",,,01.07.2014,,,Berlin
121,8096,Lutherstadt Wittenberg - Berliner Straße 7,Berliner Straße,7,,06886,Lutherstadt Wittenberg,,mueller-wittenberg@felix1.de,Alternativvertrag,58096,98096,WAHR,FALSCH,Nein,4928,RUB-DV Wittenberg,Lutherstadt Wittenberg,,FALSCH,191,"2291,52",,,01.07.2014,31-Jan-16,,Berlin
122,8097,Ludwigslust,Schloßstraße,51,,19288,Ludwigslust,,pawlowski-ludwigslust@felix1.de,Alternativvertrag,58097,98097,FALSCH,FALSCH,Nein,,KSP Ludwigslust,Ludwigslust,keine Kapazitäten für neue Mandanten (WVL Mitte 2016),FALSCH,191,"2291,52",,,01.07.2014,,,Neubrandenburg
123,8098,Hamm,Hammer Straße,146,,59075,Hamm,,hamm@felix1.de,Alternativvertrag,58098,98098,FALSCH,FALSCH,Nein,2520,ETL Hohaus Hamm,Hamm,Bearbeiterin felix: Frau Lilienbecker,FALSCH,191,"2291,52",,,01.07.2014,,,Essen
124,8099,Hagenow,Söringstraße,3,,19230,Hagenow,,winkler-hagenow@felix1.de,Alternativvertrag,58099,98099,FALSCH,FALSCH,Nein,4039,F&P Hagenow,Hagenow,bis Mitte 2016 keine Mandanten; dann nochmals telefonieren (AB),FALSCH,191,"2291,52",,,01.07.2014,,,Neubrandenburg
125,8101,Bielefeld - Am Stadtholz,Am Stadtholz,24-26,,33609,Bielefeld,,hesse-bielefeld@felix1.de,Standardvertrag,58101,98101,FALSCH,FALSCH,Nein,6530,HESSE & ADVISA Bielefeld,Bielefeld,"14.03.2016: Aussetzen der Gebühr 07-12/2016
keine Mdt.-Vermittl. bis Jahresende, Umstellung der Fibus auf FKC",FALSCH,637,"7638,48",,,01.07.2014,,,Essen
126,8102,Schleiz,Bahnhofstraße,27,,07907,Schleiz,,schleiz@felix1.de,Alternativvertrag,58102,98102,WAHR,FALSCH,Nein,4078,F&P Schleiz,Schleiz,,FALSCH,95,"1145,76",,,01.07.2014,31-Aug-16,,Erfurt
127,8105,Nordhausen,Käthe-Kollwitz-Straße,9,,99734,Nordhausen,,otte-nordhausen@felix1.de,Standardvertrag,58105,98105,FALSCH,FALSCH,Nein,4065,F&P Nordhausen,Nordhausen,,FALSCH,637,"7638,48",,,01.07.2014,,,Berlin
128,8106,Magdeburg - Halberstädter Straße,Halberstädter Straße,140,,39112,Magdeburg,,fischbeck-magdeburg@felix1.de,Standardvertrag,58106,98106,FALSCH,FALSCH,Nein,4056,F&P Magdeburg,Magdeburg,,FALSCH,637,"7638,48",,,01.07.2014,,,Berlin
129,8107,Magdeburg - Sternstraße,Sternstraße,33,,39104,Magdeburg,,weber-magdeburg@felix1.de,Standardvertrag,58107,98107,FALSCH,FALSCH,Nein,4394,S&P Magdeburg (EKW),Magdeburg,,FALSCH,318,"3819,24",,,01.07.2014,31-Dez-15,,Berlin
130,8116,Halle (Saale) - Willy-Brandt-Straße,August-Bebel-Straße,23,,06108,Halle (Saale),,grimm-halle@felix1.de,Standardvertrag,58116,98116,FALSCH,FALSCH,Nein,5213,Fu&P Halle,Halle (Saale),,FALSCH,637,"7638,48",,,01.07.2014,,,Berlin
131,8119,Zwickau - Spiegelstraße,Spiegelstraße,65,,08056,Zwickau,,richter-zwickau@felix1.de,Alternativvertrag,58119,98119,FALSCH,FALSCH,Nein,4407,H&P Zwickau,Zwickau,,FALSCH,191,"2291,52",,,01.07.2014,,,Erfurt
132,8121,Suhl - Schleusinger Straße,Schleusinger Straße,10,,98527,Suhl,,hellberg-suhl@felix1.de,Alternativvertrag,58121,98121,FALSCH,FALSCH,Nein,5308,AS-STBG Suhl,Suhl,,FALSCH,191,"2291,52",,,01.07.2014,,,Erfurt
133,8122,Seelow,Breite Straße,1,,15306,Seelow,,seelow@felix1.de,Alternativvertrag,58122,98122,FALSCH,FALSCH,Nein,1942,SKG & Koll. Frankfurt (Oder),Seelow,,FALSCH,191,"2291,52",,,01.07.2014,,,Berlin
134,8125,Mainz-Kastel,Kurt-Hebach-Straße,5,,55252,Mainz-Kastel,,mainz-kastel@felix1.de,Standardvertrag,58125,98125,WAHR,FALSCH,Nein,2380,ETL-Krieger & Koll. Mainz-Kastel,Mainz-Kastel,,FALSCH,637,"7638,48",,,01.07.2014,,,Essen
135,8127,Hoyerswerda,Neumarkt,1,,02977,Hoyerswerda,,habenicht-hoyerswerda@felix1.de,Alternativvertrag,58127,98127,FALSCH,FALSCH,Nein,4045,F&P Hoyerswerda,Hoyerswerda,,FALSCH,191,"2291,52",,,01.07.2014,29-Feb-16,,Erfurt
136,8129,Eisenach - Rittergasse,Rittergasse,3,,99817,Eisenach,,frenzel-eisenach@felix1.de,Alternativvertrag,58129,98129,WAHR,FALSCH,Nein,4132,F&P Eisenach,Eisenach,,FALSCH,191,"2291,52",,,01.07.2014,,,Erfurt
137,8130,Dresden - Bertolt-Brecht-Allee,Bertolt-Brecht-Allee,24,,01309,Dresden,,scheckel-dresden@felix1.de,Alternativvertrag,58130,98130,FALSCH,FALSCH,Nein,1750,ADVISITAX GmbH Dresden,Dresden,Verteilung nur Mandate aus der Umgebung mit mind. 300.000 Jahresumsatz,FALSCH,191,"2291,52",,,01.07.2014,,30.06.2016,Erfurt
138,8131,Delitzsch,Bitterfelder Straße,20,,04509,Delitzsch,,delitzsch@felix1.de,Standardvertrag,58131,98131,WAHR,FALSCH,Nein,4048,F&P Delitzsch,Delitzsch,"durch Kündigung der Mandanten auf ""Null"" gerutscht",FALSCH,637,"7638,48",,,01.07.2014,,,Berlin
139,8134,Braunschweig - Fallersleber-Tor-Wall,Fallersleber-Tor-Wall,2,,38100,Braunschweig,,wingens-braunschweig@felix1.de,Standardvertrag,58134,98134,FALSCH,FALSCH,Nein,1883,Tischer&Stöber Braunschweig,Braunschweig,,FALSCH,637,"7638,48",,,01.07.2014,31-Mai-16,,Essen
140,8139,Berlin - Spittelmarkt,Spittelmarkt,12,- 7. Etage -,10117,Berlin,,krauss-berlin@felix1.de,Standardvertrag,58139,98139,WAHR,FALSCH,Nein,4601,B&P Berlin,Berlin,,FALSCH,637,"7638,48",,,01.07.2014,,,Berlin
141,8140,Bautzen,Tuchmacherstraße,46,,02625,Bautzen,,kledisch-bautzen@felix1.de,Alternativvertrag,58140,98140,FALSCH,FALSCH,Nein,4352,S&P Bautzen,Bautzen,,FALSCH,191,"2291,52",,,01.07.2014,31-Mai-16,,Erfurt
142,8141,Artern /Unstrut,Alte Poststraße,10,,06556,Artern /Unstrut,,artern@felix1.de,Standardvertrag,58141,98141,WAHR,FALSCH,Nein,5214,Fu&P Artern,Artern /Unstrut,,FALSCH,318,"3819,24",,,01.07.2014,,,Erfurt
143,8151,Köln - Kaiser-Wilhelm-Ring,Kaiser-Wilhelm-Ring,0,,50672,Köln,,johannes-koeln@felix1.de,Standardvertrag,58151,98151,FALSCH,FALSCH,Nein,1979,ETL Röger & Johannes Köln,Köln,,FALSCH,637,"7638,48",,,01.07.2014,29-Feb-16,,Essen
144,8155,Herne,Westring,293,,44629,Herne,,herne@felix1.de,Alternativvertrag,58155,98155,FALSCH,FALSCH,Ja,1800,ETL ADVISA Emschertax Castrop-Rauxel,Castrop-Rauxel,,FALSCH,191,"2291,52",,,01.07.2014,,,Essen
145,8156,Jena,Hainstraße,1a,,07745,Jena,,hilbert-jena@felix1.de,Alternativvertrag,58156,98156,FALSCH,FALSCH,Nein,5401,ADVITAX Jena,Jena,,FALSCH,191,"2291,52",,,01.07.2014,,,Erfurt
146,8159,Kirchberg,Lengenfelder Straße,8,,08107,Kirchberg,,kirchberg@felix1.de,Alternativvertrag,58159,98159,WAHR,FALSCH,Nein,4420,H&P Kirchberg,Kirchberg,,FALSCH,191,"2291,52",,,01.07.2014,,,Erfurt
147,8170,Brandenburg an der Havel,Neuendorfer Straße,90b,,14770,Brandenburg an der Havel,,brandenburg@felix1.de,Alternativvertrag,58170,98170,FALSCH,FALSCH,Nein,4136,F&P Brandenburg,Brandenburg an der Havel,,FALSCH,0,0,,,01.07.2014,31-Okt-15,,Berlin
148,8171,Mülheim an der Ruhr,Friedenstraße,2a,,45470,Mülheim an der Ruhr,,muelheim@felix1.de,Standardvertrag,58171,98171,FALSCH,FALSCH,Ja,1090,Schwarz & P Mülheim (Ruhr),Mülheim an der Ruhr,,FALSCH,0,0,,,01.07.2014,31-Okt-15,,Essen
149,8176,Lindlar,Hauptstraße,52,,51789,Lindlar,,lindlar@felix1.de,Standardvertrag,58176,98176,FALSCH,FALSCH,Nein,1101,ETL-Pütz & Kollegen Lindlar,Lindlar,,FALSCH,637,"7638,48",,,01.07.2014,,,Essen
150,8177,Herten,Kurt-Schumacher-Straße,62,,45699,Herten,,herten@felix1.de,Standardvertrag,58177,98177,FALSCH,FALSCH,Nein,1932,ETL Witt&Kollegen Herten,Herten,"50,00 € (Herabsetzung der Standard-Gebühr auf 50 EUR von 10/2015 bis 09/2016)",FALSCH,50,600,,,01.07.2014,,,Essen
151,8178,Frankfurt (Oder) - Walter-Korsing-Straße,Walter-Korsing-Straße,29,,15230,Frankfurt (Oder),,schrank-frankfurt-oder@felix1.de,Alternativvertrag,58178,98178,FALSCH,FALSCH,Nein,1942,SKG & Kollegen Frankfurt (Oder),Frankfurt (Oder),,FALSCH,95,"1145,76",,,01.07.2014,31-Aug-16,,Berlin
152,8183,Erfurt - Windthorststraße,Windthorststraße,18,,99096,Erfurt,,grabe-erfurt@felix1.de,Standardvertrag,58183,98183,FALSCH,FALSCH,Nein,5005,SCS-AG Erfurt,Erfurt,,FALSCH,637,"7638,48",,,01.07.2014,,,Erfurt
153,8186,Eisenhüttenstadt,Königstraße,13,,15890,Eisenhüttenstadt,,kleemann-eisenhuettenstadt@felix1.de,Alternativvertrag,58186,98186,FALSCH,FALSCH,Nein,4015,F&P Eisenhüttenstadt,Eisenhüttenstadt,,FALSCH,191,"2291,52",,,01.08.2014,,,Berlin
154,8189,Schmalkalden,Steinerne Wiese,12a,,98574,Schmalkalden,,schmalkalden@felix1.de,Alternativvertrag,58189,98189,FALSCH,FALSCH,Nein,6620,Ernst & C Schmalkalden,Schmalkalden,,FALSCH,191,"2291,52",,,01.07.2014,,,Erfurt
155,8191,Gera,Ebelingstraße,10,,07545,Gera,,becker-gera@felix1.de,Alternativvertrag,58191,98191,FALSCH,FALSCH,Nein,4220,F&P Gera,Gera,,FALSCH,191,"2291,52",,,01.07.2014,,,Erfurt
156,8192,Thamsbrück,Sundhäuser Weg,10,,99947,Thamsbrück,,thamsbrueck@felix1.de,Alternativvertrag,58192,98192,WAHR,FALSCH,Nein,5314,"AS - Steuerberatungsgesellschaft mbH
Niederlassung Thamsbrück",Thamsbrück,,FALSCH,95,"1145,76",,,01.07.2014,,,Erfurt
157,8193,Erfurt - Pförtchenstraße,Pförtchenstraße,1,,99096,Erfurt,,erfurt@felix1.de,Alternativvertrag,58193,98193,WAHR,FALSCH,Nein,4017,F&P Erfurt,Erfurt,,FALSCH,191,"2291,52",,,01.07.2014,31-Okt-16,,Erfurt
158,8195,Zittau,Heydenreichstraße,1,,02763,Zittau,,zittau@felix1.de,Alternativvertrag,58195,98195,FALSCH,FALSCH,Nein,4111,F&P Zittau,Zittau,,FALSCH,191,"2291,52",,,01.07.2014,31-Dez-15,,Erfurt
159,8197,Leinefelde-Worbis,Bahnhofstraße,44,,37327,Leinefelde-Worbis,OT Leinefelde,stolze-leinefelde@felix1.de,Alternativvertrag,58197,98197,WAHR,FALSCH,Nein,4051,F&P Leinefelde,Leinefelde-Worbis OT Leinefelde,,FALSCH,191,"2291,52",,,01.07.2014,,,Berlin
160,8136,Berlin,Kurfürstendamm,45,,10719,Berlin - Charlottenburg,,voigt-berlin@felix1.de,Standardvertrag,58136,98136,FALSCH,FALSCH,Nein,5617,ADVISITAX Berlin-Charlottenburg,Berlin,Freistellung von Grundgebühren von 09/15 bis 12/15,FALSCH,0,0,,,01.07.2014,31-Dez-15,,Berlin
161,8022,Rostock-Elmenhorst,Feldweg,7,,18107,Rostock-Elmenhorst,,rostock-elmenhorst@felix1.de,Alternativvertrag,58022,98022,FALSCH,FALSCH,Nein,6770,Dr. Strehl Rostock-Elmenhorst,Rostock-Elmenhorst,,FALSCH,191,"2291,52",,,01.01.2016,30-Jun-16,,Neubrandenburg
162,8113,Mainz,Weberstraße,1,,55130,Mainz,,gaeckler-mainz@felix1.de,Standardvertrag,58113,98113,FALSCH,FALSCH,Nein,1092,ETL WR & Kollegen Mainz,Mainz,,FALSCH,637,"7638,48",,,01.07.2014,31-Aug-15,,Essen
163,8150,Hannover,Podbielskistraße,333,,30659,Hannover,,foerster-hannover@felix1.de,Standardvertrag,58150,98150,FALSCH,FALSCH,Nein,1360,C.Förster&Koll. Hannover,Hannover,"gekündigt, 31.7.15, RS MM",FALSCH,637,"7638,48",,,01.07.2014,31-Jul-15,,Essen
164,8062,Schwarzenbek,Seestern-Pauly-Straße,15,,21493,Schwarzenbek,,schwarzenbek@felix1.de,Standardvertrag,58062,98062,FALSCH,FALSCH,Nein,280,Bicher und P Schwarzenbek,Schwarzenbek,,FALSCH,637,"7638,48",,,01.07.2014,30-Jun-15,,Essen
165,8072,Schöneiche,Berliner Straße,2,,15566,Schöneiche,,schoeneiche@felix1.de,Standardvertrag,58072,98072,FALSCH,FALSCH,Nein,4417,H&P Schöneiche,Schöneiche,,FALSCH,637,"7638,48",,,01.07.2014,30-Jun-15,,Berlin
166,8073,Salzwedel,Burgstraße,77,,29410,Salzwedel,,salzwedel@felix1.de,Alternativvertrag,58073,98073,FALSCH,FALSCH,Nein,4128,F&P Salzwedel,Salzwedel,,FALSCH,95,"1145,76",,,01.07.2014,30-Jun-15,,Berlin
167,8080,Sangerhausen,Alte Promenade,45,,06526,Sangerhausen,,boettner-sangerhausen@felix1.de,Standardvertrag,58080,98080,FALSCH,FALSCH,Nein,4118,F&P Sangerhausen,Sangerhausen,,FALSCH,637,"7638,48",,,01.07.2014,30-Jun-15,,Berlin
168,8084,Stendal,Markt,9-10,,39576,Hansestadt Stendal,,stendal@felix1.de,Alternativvertrag,58084,98084,FALSCH,FALSCH,Nein,5312,AS-STBG Stendal,Stendal,,FALSCH,191,"2291,52",,,01.07.2014,30-Jun-15,,Berlin
169,8056,Großröhrsdorf,Rathausstraße,6,,01900,Großröhrsdorf,,grossroehrsdorf@felix1.de,Alternativvertrag,58056,98056,FALSCH,FALSCH,Nein,4143,F&P Großröhrsdorf,Großröhrsdorf,,FALSCH,191,"2291,52",,,01.07.2014,30-Apr-15,,Erfurt
170,8103,Sangerhausen,Bahnhofstraße,31,,06526,Sangerhausen,,koch-sangerhausen@felix1.de,Standardvertrag,58103,98103,FALSCH,FALSCH,Nein,5228,Fu&P Sangerhausen,Sangerhausen,,FALSCH,637,"7638,48",,,01.07.2014,31-Dez-14,,Berlin
171,8158,Gera,Heinrichstraße,48,,07545,Gera,,dassler-gera@felix1.de,Alternativvertrag,58158,98158,FALSCH,FALSCH,Nein,4604,B&P Gera,Gera,,FALSCH,191,"2291,52",,,01.07.2014,31-Aug-15,,Erfurt
172,8174,Essen,Helbingstraße,104,,45128,Essen,,stiebling-essen@felix1.de,Standardvertrag,58174,98174,FALSCH,FALSCH,Nein,1889,Johannes&Stiebling Essen,Essen,,FALSCH,637,"7638,48",,,01.07.2014,31-Jul-15,,Essen
173,8172,Dülmen,Eichenhain,17,,48249,Dülmen,,duelmen@felix1.de,Standardvertrag,58172,98172,FALSCH,FALSCH,Nein,1862,RZ CONSULTA Dülmen,Dülmen,,FALSCH,637,"7638,48",,,01.07.2014,31-Mrz-15,,Essen
174,8051,Großenhain,Mozartallee,141 B,,15558,Großenhain,,grossenhain@felix1.de,Standardvertrag,58051,98051,WAHR,FALSCH,Nein,4011,"Freund & Partner GmbH, Glaubitz",Glaubitz,,FALSCH,637,"7638,48",,,01.01.2015,,,Erfurt
175,8029,Freiberg,Frauensteiner Straße,49,,09599,Freiberg,,freiberg@felix1.de,Alternativvertrag,58029,98029,FALSCH,FALSCH,Nein,5109,"HOS
Steuerberatungsgesellschaft mbH",Freiberg,,WAHR,191,"2291,52",,,01.04.2016,,,Erfurt
176,8028,Troisdorf,Oberstraße,93,,53844,Troisdorf,,troisdorf@felix1.de,Standardvertrag,58028,98028,FALSCH,FALSCH,Nein,1218,ETL-Klein&Kollegen Troisdorf,Troisdorf,,FALSCH,637,"7638,48",,,1.9.2016,,,Essen
